group,importance,permutationMean,features
amplitude,0.6646835028076084,0.029656607700311602,18
bursts/threshold duration,0.14100165862279174,0.00013007284079082082,26
trend,0.11924302671752957,0.0055931321540060586,13
frequency,0.032299070857272766,0.007023933402705296,19
floor balance/spread,0.02094309127936053,0.0028616024973984605,3
sample/activity count,0.014523585445078221,0.0,5
cross-floor coherence,0.007306064270358864,0.0006503642039541735,4
